<?xml version="1.0" encoding="UTF-8"?>
<project-private xmlns="http://www.netbeans.org/ns/project-private/1">
    <editor-bookmarks xmlns="http://www.netbeans.org/ns/editor-bookmarks/2" lastBookmarkId="0"/>
    <open-files xmlns="http://www.netbeans.org/ns/projectui-open-files/2">
        <group>
            <file>file:/D:/3.%20Program/1.%20Change%20TSP%20File%20to%20Full-Matrix%20Type/Program1/src/program1/Library.java</file>
            <file>file:/D:/3.%20Program/1.%20Change%20TSP%20File%20to%20Full-Matrix%20Type/Program1/src/program1/Program1.java</file>
        </group>
    </open-files>
</project-private>
